"x1","x2","z1","z2","y"
0.193212333898146,-1.1865921153137,-1.61860929708928,-0.656315142754465,1
-0.434682108206693,0.632513263018329,-1.4364696610719,1.21171827754006,1
0.913267096589322,1.5042408259599,0.816177885979414,-1.8648996851407,1
1.79338809206353,-0.516087721032112,0.221201009117067,0.0562186245806515,0
0.996605106833546,-0.753603764742197,-0.399378150701523,-1.42826635250822,1
1.10749048744809,2.14346189702927,-0.768267191480845,-1.93067900044844,1
-0.278086282850534,0.634278807313103,0.063664329238236,0.366950492374599,1
1.01920548762508,-1.741236792642,-0.0823663431219757,-0.186946684028953,0
0.0454371787571391,-0.31804684649886,2.03091357601807,1.24353488394991,1
1.5757795926256,1.4326824979086,2.33190380595624,-2.85234186938033,1
0.218288450878377,-1.32234785251016,-1.16574031161144,1.57411831431091,1
-1.04653534204559,-0.221421587154061,-2.93170635681599,-1.01623179623857,1
-0.288688648149232,1.8891682107782,0.665039709303528,1.85780981183052,1
0.481550285261324,-0.662375360515043,-1.40033787768334,-0.13118233345449,0
-1.21637642702189,0.339158899308245,-2.52019060123712,-0.0562376137822866,1
0.30813689628972,-1.11709742100477,0.73097435105592,1.86289425194263,1
-0.52017831497405,0.0344591581570855,0.949760718271136,0.387666765600443,1
-0.442313800737427,0.202734942480132,-1.85143294511363,-1.28533858666196,1
-0.599312811975944,-1.14470820923749,-2.86066517466679,0.595536642707884,1
1.29457782880066,1.31055268795686,-2.94460867205635,-0.463296261616051,1
0.835391247390612,1.75231515293948,0.599629778880626,-0.667963065672666,1
-0.566015099701669,-0.261586731581887,2.89740941254422,-2.6796995527111,1
0.788419350034712,1.27816562439643,-1.09979559620842,-0.0673958924598992,1
-1.16592932551209,0.492532581648162,2.05265735602006,0.0822602701373398,1
-0.530820006259057,-0.351834405169821,0.427406440023333,-0.611205107532442,0
-0.00105873674254911,0.819350796615445,0.304410131648183,-2.75465837074444,1
-0.512562365140107,0.595664047484605,0.920288542751223,-2.84359562303871,1
1.24286751251657,0.590708691275754,-0.647687086835504,2.53030306566507,0
-0.660582851402405,1.7186884493201,1.91196701209992,2.77612792700529,1
0.166624214804565,0.719994676442927,0.0210453760810196,1.63792909495533,1
-0.553205240142106,0.683357643555888,0.450123472139239,-0.619437884073704,0
0.098181414790163,-0.0593796622190311,-0.454439263790846,-0.0733376615680754,0
-1.14666585993873,-0.667640903196158,0.9357495973818,2.88526106625795,0
-1.24992725652812,0.559755616904426,2.0005892640911,-2.92813950777054,1
-0.202111682564895,-1.79456122430146,0.931358565576375,1.27081856550649,1
0.177500324842426,0.120654876900528,1.77109827194363,-2.43828292982653,1
1.30764732083471,0.170843660210843,0.566545743495226,-0.240058104973286,1
-1.34293540454853,-0.0837681169447048,-2.91202276060358,-0.3507858091034,1
0.861083039580766,0.300684098088164,-1.55874439096078,0.313062965869904,1
0.232875003120815,0.874836161651418,0.336604041047394,-0.560289027169347,0
1.04225709350104,-1.14546730839915,0.97853986825794,2.59613375226036,1
1.32909825415992,-2.22796697873204,-0.631457151845098,-1.1699073119089,0
0.94595795345076,-0.375782394942034,-2.06965980771929,-0.624388793483377,1
-0.985625504158453,-0.301150098337379,-1.0561364069581,0.6057841591537,1
-1.21586683314324,-0.262048752492091,-2.316017431207,-0.399866121355444,1
-1.62920593576972,-1.77224674690612,-2.48917318414897,0.938139180187136,1
0.0923162385127134,2.86796357653291,-0.342229587491602,-0.867612194269896,1
-0.0221174230909926,0.941030484971141,-2.82167226215824,2.39863788010553,1
0.513477912377377,0.620566299282333,-0.547075016889721,0.081002427265048,1
-0.229553638019891,-0.176138318859971,2.79391834046692,0.696978592313826,1
1.26151590341647,-0.23630205674181,-2.39960928820074,-2.25621512252837,1
-0.238435639097598,2.15070648219104,0.706243576481938,-2.5239496473223,1
-1.99781260789611,0.412584008279532,-0.669143940322101,-2.12858565570787,0
0.701075958073284,0.527228083787442,0.721847757697105,-0.183032581117004,1
1.22081901427891,0.35579098344213,-1.55586777068675,-0.272365744225681,1
-0.850923933567648,-1.3625797427132,-2.0765428156592,0.295328089501709,1
-0.563607756541634,-0.594949976429132,0.740673408843577,1.20304830512032,0
0.277234367369302,0.85237926666164,0.211270922329277,-0.29181857407093,0
0.970718896139497,0.185882844958373,0.761968948412687,-1.56719713518396,1
0.952630832945396,0.31513604241431,-0.549552235286683,-0.00466013280674815,1
-0.396953343211136,-0.286951212333182,1.63774165324867,-2.97240716870874,1
-0.00219547160795098,-0.223638592838838,0.473030128050596,2.01256260182709,0
-0.366924606929873,2.41971759472197,0.644487583078444,-0.628355895169079,1
0.0398951878030698,-1.73229114950115,2.49840117478743,0.670124959666282,1
1.83076387197071,-0.384914045587884,0.613905766513199,0.808832022361457,1
-1.10530501362461,0.53007931309119,1.47332316404209,-1.96637598518282,1
-0.970479270742435,-0.423626549984279,-0.128943854011595,2.96263855928555,0
-1.33330137994812,0.066027536027657,-1.83350157318637,-0.936603100039065,1
0.74700660304315,0.506154546768635,1.05365230562165,-1.74307496845722,1
-1.21337854142386,1.12908665209105,-2.83191162021831,-1.4081481504254,1
0.726007508198772,-0.313291722903808,1.6844301042147,-2.03039688616991,1
-0.429924781165392,1.80006126215285,0.729949946980923,-1.06834847806022,0
-0.132575713441929,0.385735170096245,-2.07866591541097,-0.47750646667555,1
1.0314957702891,1.69709755237342,2.88387022633106,-0.53403382608667,1
0.00697139406434254,-0.707847451741583,-0.932843908667564,-1.90114532969892,1
0.43340903929599,-0.67578196718767,2.85130679234862,-0.621759798377752,1
1.28736931435524,-1.14505493548756,1.1233441256918,1.51095747202635,1
-2.41826427377455,-0.850397273182627,2.40408964734524,-2.89423464797437,1
-1.37265139370061,-0.98163795850515,2.41397570539266,-1.39939788356423,1
-0.479399975200943,0.0851232852092322,-1.94557922193781,1.02732358267531,1
0.0110135205108519,1.07769797320639,-0.320386255625635,-1.5257776491344,1
0.62874409924653,-1.16282343847853,2.66639599716291,-1.54759825905785,1
1.97606332104468,0.960755652752026,-0.145471693016589,-2.44740156456828,0
0.46155820846595,0.326040157537171,2.39690821571276,1.25491318339482,1
0.526016141621852,1.54420748325951,-2.34059014823288,-2.73133698385209,1
-2.05018319888343,-0.290988294004545,-2.41335999593139,-2.87220081081614,1
-0.550833574516859,0.872482305011939,0.206673708278686,0.0346875269897282,1
-0.5792749509828,-0.33550880692553,0.196267086546868,0.549960164353251,1
0.528143977285823,-1.19629783669295,2.33325625536963,-1.37086862605065,1
-0.139753708727674,2.29911304037119,1.7656207527034,0.984414094593376,1
1.54593785511702,0.690733192879918,1.1071103378199,0.404124839231372,1
1.17373687341304,1.32035580161178,-2.61469690036029,-2.9901575432159,1
0.639940652989072,0.309936133895608,2.69498000526801,-0.134990125894547,1
-0.0485183791755612,1.15815448739807,0.853793517686427,1.81177498027682,1
-0.434344770866601,-0.0118106026989452,-2.21955980965868,1.5491710701026,1
-0.282313122604158,-0.624570782688823,-2.22048943955451,0.34199235169217,1
1.33972974306169,1.07405915160058,-1.71377850417048,-1.67192419571802,1
1.0466406474931,1.465424193064,2.14150982536376,1.39031806821004,1
0.749214994369898,-1.1562921439357,1.46353606972843,1.82234068773687,1
0.57799794375843,0.975443782368077,2.17687790701166,2.8884253045544,1
0.365833224702237,0.811548079277206,0.55957960523665,-2.01400954602286,0
0.931421784096429,-0.859533921302046,1.89129870710894,0.0153342322446406,1
-1.90677159757209,1.35179277955771,-1.29091520234942,1.19164701551199,1
0.051988523988925,-0.457620674507235,1.10376606881618,2.99932311242446,1
-0.848499772050106,-0.889263309448701,0.330071138218045,2.31052673002705,0
-0.368167413502412,1.38383711573869,2.13749529188499,-1.63617421220988,1
0.624694080027441,-0.714059607378257,2.68504255078733,-1.49090670095757,1
1.22025917335132,-1.8105753161864,-0.297841058112681,-1.57710281945765,1
-2.23978281070623,-1.17420447023402,-1.16520534781739,0.450668069534004,0
-0.368675370233111,-0.0175888786769022,-2.27138172788545,1.29537033336237,1
-0.0870856576083276,-0.270319991288643,1.97513770731166,-2.93024041224271,1
1.34197156933065,0.758714310176958,-1.0669627035968,0.676058634649962,1
1.69407992718112,0.561982315808297,-2.12461051298305,2.00097252242267,1
0.649502081094355,-0.54657978034343,2.38315709587187,0.503620760980994,1
0.366182687395901,0.560655627718607,-2.52554994961247,1.97742750216275,1
-0.308370363903231,-0.103403324474483,2.61168945394456,-1.69349859561771,1
0.514567131796744,-1.20377704152304,0.950530386529863,1.40306761628017,0
-0.901120960285652,-0.121352279993386,-0.064846551977098,-2.37772443797439,0
0.195658810571423,-0.000151046778478874,1.07214946998283,1.06973639270291,1
-0.157339366945827,-1.34967527856624,2.4265690902248,1.62532581668347,1
-1.23088469451859,-0.960734734122577,-1.63822141522542,1.73514196509495,1
0.477735177958782,0.425794510404309,0.682461510412395,-0.550407609902322,1
-0.0389815519620141,1.0477449024588,-2.43564940709621,-2.78238467127085,1
-0.220977174945397,0.749067051958805,-0.855386941228062,-0.474582640919834,1
-0.0698982255091187,-1.02472991067698,-1.90044770948589,1.49844921240583,1
-1.1310212976827,0.574543442124075,1.64012093888596,-1.38254474569112,1
2.17856309013427,1.48262004735873,-0.553789000958204,-1.82816346175969,1
0.0284597504487992,0.424284084936578,0.530627011321485,-0.818722310476005,1
1.25264495002628,-0.190634496772565,-1.52826196840033,-2.72983394935727,1
0.256362249965796,0.0379948181092741,-2.71050398424268,-2.96097972197458,1
-0.207289609366834,-0.457451382417753,-2.78548968583345,2.2414762317203,1
0.69752642043184,-1.1593599087546,-2.49845357565209,1.9066694593057,1
0.704272956529951,-0.343750699214479,2.2561091738753,2.92149324668571,1
-0.950678441517603,-0.268819336497201,0.495061614084989,1.6342480215244,0
0.191777684647662,-0.424320748979503,-1.3599766837433,2.07615886162966,1
1.52536338000138,0.219543655139284,-0.0875656963326037,0.142350536305457,1
0.860375130004143,0.382210716444706,-1.85474860668182,0.208159357309341,1
0.991675280706613,-1.21267722805694,1.21058648312464,0.493728866335005,1
-2.47461039509756,0.828636548082142,0.263958853203803,-1.19906112039462,0
0.372706196325372,-0.769230547208743,-0.952566236257553,0.583057335577905,0
0.417750391202908,-0.664024580789837,-1.86651082942262,-0.796269102953374,1
0.937536192819746,-0.0503399988786763,1.71478542778641,1.74156196508557,1
0.258022908527519,0.190985384834015,1.82056137314066,-1.65018421271816,0
0.765894418403937,0.42289670344013,-2.67534351535141,-1.89623804250732,1
-0.495571232247912,0.89535131910525,2.82946172822267,0.247189760673791,1
0.594744712502477,-0.969068345162709,2.20803923718631,-0.267391678411514,1
-0.236750161547978,0.662773862799013,1.61186059238389,0.63709707185626,1
-0.327304957173322,-0.292975975283361,-1.30635740468279,0.377423565834761,1
-0.853150663620074,2.90391229215555,-1.72060732170939,-0.651948633603752,1
1.49370241657568,0.949001049939868,-2.76387592731044,-0.253853164147586,1
1.27058682121298,1.43428605129454,-2.3246454410255,-1.46728638606146,1
-1.90309218706359,0.415809632830452,1.31777928723022,2.88541362527758,1
-0.817883587941448,0.00515582952959864,-2.94738942710683,1.82040776498616,1
-0.0885779175982771,0.921733195711421,-0.836484407074749,-1.04555764328688,1
1.37523411863731,0.727132461897821,-1.36212866893038,-0.626629387959838,1
-0.0440690706063798,-1.79093583858856,2.01396325416863,-0.71375446440652,1
-0.93694275527211,-0.161420644335873,-0.183283515740186,-1.20252485945821,0
-0.799926361463754,-1.58962398049932,1.64813566859812,-2.86697499454021,1
-2.41056572047641,0.186070284511524,1.80180541891605,2.28998096147552,1
-1.16063967475593,-1.75249456023544,2.76537082297727,0.524003831204027,1
-0.691969372127132,-0.496159332614445,-2.34926417889073,-2.20324486121535,1
0.217609294663641,0.650757902145762,-2.91880942834541,1.19576207594946,1
-1.10298880115959,-0.959854229778985,-1.13465108256787,2.04612456634641,1
-0.310677631547694,0.450390365139355,-0.114683840889484,2.53078843932599,1
0.717637939343926,-0.301353649786363,-0.26824428839609,-1.68951908871531,0
-0.594165752254895,-0.742145912705879,-2.10549083305523,-1.22150928480551,1
0.378499468339885,-0.711226865680393,1.05727469874546,2.04311450337991,1
-0.685156384745142,-0.0973630936628309,1.01157604157925,-1.00680518522859,1
-0.985080977785078,0.304315725914967,-2.93007859680802,-2.44602447235957,1
-0.400380080389522,1.16412180820238,1.89718673983589,1.46763071743771,1
0.325506590709708,-0.822920771599586,0.545887636486441,-1.18837709119543,0
-1.16843644463109,-0.831730754827302,-0.137779743410647,2.40782374329865,0
0.421299271018957,1.02316681717391,-1.05548620177433,-0.369717019144446,1
0.348655261651908,1.67440842200477,1.42484154598787,-2.10826352331787,1
0.349340766618579,-1.91953963551879,2.52614645613357,-1.71271328581497,1
1.08074081936692,0.31240561860897,-1.92449034936726,2.02997587155551,1
0.0625349938033625,-0.861123780989592,2.45692725386471,-0.562908911146224,1
-0.756077419195853,0.992387760855848,1.63816630560905,-0.626624846365303,1
-0.402134294231701,-0.368648062629748,-0.257967534475029,0.539614764042199,0
-0.444430220593018,1.63956902488296,2.17752487957478,-1.82050252938643,1
-0.999309811693079,-1.14609074536029,-0.470059795305133,2.53346878476441,0
0.202053060261529,-1.10442720172381,0.151944288052619,1.51631269510835,1
0.227993742121574,-0.457763683953814,0.276687714736909,-2.9809640692547,1
0.207588795168597,-0.390186955564535,-2.1652841870673,2.31744534987956,1
-0.595335225957796,-0.455305119696803,-2.15516405040398,-0.311209739651531,1
0.52469867954641,0.956914543303547,-1.37318550562486,-1.05517998011783,1
0.0437883294089375,-0.826760020670027,2.27465619938448,-2.76533259451389,1
1.38681416810324,-0.121283413410512,2.31026923516765,1.45498573500663,1
0.616780275169426,-1.52363948673055,-0.188124393112957,1.45875391177833,1
0.755691579098302,-0.971065273836227,-2.96209762059152,0.501083776820451,1
-1.41863968881927,1.01376362686363,1.20435996679589,-2.00513839256018,0
-0.2730596749895,0.14703599799968,1.2168863019906,-1.23684484837577,0
1.21761700798985,-1.00788654795814,0.26827820437029,-2.21955607552081,0
-0.669668038851602,-1.34785051499015,2.10574832232669,-0.508599631022662,1
-1.29577101565087,0.168969768146508,-2.85158014995977,1.98481510067359,1
0.495224871526541,-1.29428242383626,2.71648976532742,-0.169260672759265,1
0.350563688030385,0.148849045141322,2.00892741093412,2.15931836189702,1
0.960665652418263,0.329916706025261,2.37506607966498,-0.146552494727075,1
0.325400639078681,-0.745270460883497,0.831996252760291,-2.94218820752576,1
-1.46764496954806,-0.873355701520082,-1.02114139124751,1.17665055859834,1
0.54629285622502,-0.261655100991676,-2.96134615363553,2.13698191568255,1
-2.23268147606077,-0.210840904316291,2.13791295513511,-2.19964844919741,1
0.288284171046,-0.0370468399923566,2.15291361976415,-1.50435466133058,1
0.543834458785702,-1.58388393252847,2.72760681761429,0.957923830021173,1
-1.19198476580599,1.05347656820504,2.41268049879,1.08851196058095,1
-0.017692312052106,-2.52009527315835,-1.10718419915065,1.86008145008236,1
-0.94697785917554,-1.34658877623455,-1.90979750594124,1.33387054363266,1
-0.402212427800636,0.0513230582139095,1.80901930946857,0.259821355808526,1
0.0561202514986556,0.643453572502703,0.529666013550013,-0.996358414180577,1
-0.156294788229952,1.58177145163484,-0.3054877105169,0.414588210638613,0
-1.18850577427145,-0.260357453396388,-0.944137812126428,-1.19930512597784,0
1.28226830631184,0.579801337723561,-0.533706571441144,1.42233928386122,1
-0.426094333059855,-1.54922723936965,1.09353321790695,1.39539553318173,0
-0.437148415724488,1.23715343257764,1.48954193713143,-2.26336712948978,1
-0.582632365265749,-2.41870854627248,2.28808544017375,0.957278104964644,1
2.3616329884223,1.81372256693168,1.91090476093814,1.4055501180701,1
-0.981728682886406,-0.569343261157401,0.506129685323685,2.88754396000877,1
-2.13717889572151,-0.156971378868339,1.82912036217749,0.635044419206679,1
-0.324138349574967,-0.107335439631762,0.9891188275069,-1.34822933608666,0
0.553183388181836,0.638542540111616,0.541696971282363,-0.348770474083722,0
-0.267933345507745,-1.58509432687435,2.29423578316346,-0.938968516420573,1
-1.09559784190964,0.685467769271141,2.97330967057496,2.18437819601968,1
-1.89810839594979,1.77612026383955,-0.774007744621485,2.78454107651487,1
1.46055490872487,0.204321088025538,2.37679313030094,2.58525548223406,1
-1.5107879635206,0.35399073319598,-0.835309964139014,1.96461921231821,1
-0.520316826086121,0.116654093074633,-0.342852934263647,-2.58477690070868,0
-1.17733344197924,-0.323973660406439,0.397941826377064,-2.2149201692082,0
1.22927646778249,-1.60257541523997,2.29160538967699,-1.16289475886151,1
1.12002682830845,0.56839159008059,-1.09671197226271,-2.89347658725455,1
-0.0753744042577198,1.79998693308789,-2.85146066173911,2.18893810221925,1
0.293287179224135,2.31498126954066,-1.50679215230048,-0.648979675490409,1
-0.0288957007660442,0.0262312528048531,2.04009060328826,-2.35345032345504,1
-0.397816390471138,-0.491107640221435,-0.597762119024992,-1.86563005624339,0
0.655481449899344,-0.860218361272273,-1.02585094934329,-2.42824891442433,1
0.491384671155067,-1.13041297563862,-1.85049448348582,-2.76215219171718,1
1.64290598776307,-2.25222707137531,-0.706108039710671,-1.9450471024029,0
0.328591001215634,0.102540684000986,1.99953051237389,2.6609249250032,1
1.46139296632551,0.199671528458554,-0.876928125042468,2.78053774405271,1
-0.398079526351631,2.40534304720018,0.652302126400173,0.591949020512402,1
-0.355596420011695,0.441215763500263,-0.303262695204467,1.78441779501736,1
0.503561630442651,0.37756026546189,-1.2764428826049,-2.33415831578895,1
0.400834692098567,0.179587866480003,1.33292946545407,0.788346155080944,1
-1.09831839264469,0.0680614352785279,-2.13634843518957,0.389170135371387,1
0.130579223427097,0.618386270364882,1.96045435080305,0.49917031545192,1
0.764658759819435,0.348856685304712,-0.0639862753450871,2.23967333184555,1
-1.89485633238121,-0.681596002655753,-2.22681928798556,-1.3114024666138,1
-0.263038280110617,0.965790622774867,-2.72355168499053,-0.578971258364618,1
-0.207878290188385,-0.258702860909733,2.12867320748046,2.67187727708369,1
-1.04187663309163,0.660032475871188,1.57221177499741,0.490066091995686,1
-1.54222061377812,0.389341935213989,1.42201691307127,2.3162078387104,1
0.752778060908205,-0.69702281664927,-1.88527174154297,-2.77232707198709,1
-0.265369903260787,0.155878775624834,0.866651410236955,2.64887090306729,1
1.20660580097384,-0.292536215013847,-1.85078699793667,-2.72681654244661,1
-0.797968569775144,-0.352855218636634,0.458435359876603,2.95862655574456,1
0.0958692585300279,0.49888954599801,1.17943455465138,1.32464590156451,1
-0.130503997891768,2.22826810771364,-1.90859969006851,2.10670128744096,1
1.38843020409868,-0.260051569554669,2.28900029417127,-0.812286171130836,1
-0.25001930668709,0.767377416227413,0.0849885726347566,1.12083096988499,1
-1.36408322592839,-1.36369693475662,-2.93541328981519,-2.27557135792449,1
-0.810567492823871,-2.28227951494109,2.10353269614279,-2.20928798569366,1
1.08243821424492,-0.29343124622007,-2.82788713602349,2.92976560117677,1
1.29466361544178,-0.446973658602809,2.68128859112039,-2.72032609116286,1
-0.816661476405693,1.93490441713354,-2.18710660608485,2.70830845087767,1
0.47599932319231,-0.339694687777996,2.78342261072248,2.34531745640561,1
0.373163283769656,1.45703792405572,2.43636165792122,-0.826191182713956,1
-1.01960047623574,1.32106163113733,2.35263760015368,-1.55947825452313,1
0.238812706197071,-0.170530707754935,0.862192536704242,-1.65900794696063,1
-1.87441104279766,1.21539181185575,2.20463676424697,-1.5683010192588,1
0.98119134521082,0.97031066278054,-2.32552751759067,-2.79799033189192,1
2.24012283557279,1.67609474806516,-2.03813219536096,-0.363783622160554,1
-0.69185451502137,-0.0374926813447259,-2.04566876403987,-1.92637048847973,1
0.405391529299769,0.200356827214816,-2.55034067295492,0.0135242650285363,1
-1.05983407652674,-0.628450801719169,1.91955523984507,-0.683674313127995,1
-0.421709325660314,-0.583849345424049,0.487076513003558,0.953654916957021,1
-1.4051704244485,-0.476713147045894,-0.682409978471696,-2.97590901050717,0
0.312786637099568,0.143381342225245,-2.77199293999001,2.40956423990428,1
-0.748536145019823,1.63102992545589,1.82117606699467,1.02014936646447,1
1.66482380411691,-0.270502851315477,-2.58461298560724,2.31339888554066,1
-0.886849444422572,-0.496900745543203,2.9453514162451,1.78798405313864,1
-0.66464777632664,2.03555844173279,1.75458715762943,-2.25071945926175,1
0.705890460297706,-0.45257955151949,-1.05943435616791,-2.16822992730886,1
-0.944910896104126,1.12963734799926,-2.98871274618432,2.64694291586056,1
0.431544249898573,-0.398484192046013,-2.43113481067121,2.2196539985016,1
0.759066448569709,-0.498110551266374,0.250466030091047,2.85232891375199,0
-0.102955514877821,0.702516691196457,-0.871632391121238,0.092526001855731,1
0.0641180755498856,0.46413987583626,2.97454083245248,-2.04980530729517,1
0.540514445401539,1.58969834629906,1.12107151094824,-2.08344060648233,1
0.00311466912121743,-0.530225604047247,-2.32929562032223,-0.344804883934557,1
-0.124640856278261,1.73939144933486,2.20004503475502,0.207643058616668,1
-0.15893159421089,0.269498820784181,-0.983181067742407,2.6600810601376,1
0.686621368586876,0.304349982355744,2.05502498382702,-0.509450662415475,1
-1.7101867851138,-0.403275232122227,2.86078920029104,2.13278728444129,1
1.67570642830409,0.0243759709411578,-1.54048787243664,-0.749352731276304,1
0.0847545461259166,0.841944605967542,2.17741841264069,-2.33772583119571,1
-1.071789090519,-0.788456390989038,1.42596423067153,-2.70436433935538,1
-1.04021531199375,1.52445741824973,-1.64850771473721,-0.57260927092284,0
0.460396834784652,0.37400752174849,-2.58540092920884,-2.50444263406098,1
-0.891682097120466,-0.784897437904169,-0.945346592925489,-2.11506487615407,0
0.429257420592412,0.619429234966109,1.8059011506848,1.43427700968459,1
2.37786968993374,-0.895659551231624,-0.323684678412974,2.12525903200731,1
-0.626350194439368,-0.438719761032593,2.44880389329046,2.02028157468885,1
1.30903794794387,-0.127614630547196,-1.47494081687182,1.43234870256856,1
-0.132976850753354,0.450693438948313,2.66218716418371,2.63459146907553,1
-1.60770422651741,1.39580043062304,-1.69078474352136,-2.89076905092224,1
-1.3076416451583,-0.375384709778924,2.18705092789605,-2.94993434473872,1
-0.045148680350152,-1.88620127253562,2.46172419190407,1.88479164848104,1
0.788890459925583,-0.849807775044768,-0.953088514041156,0.675518184900284,1
-0.489342241613501,-1.42261996151612,-1.3395472727716,-2.78358380589634,1
0.870160298537728,0.561217099935061,-0.0938690565526485,-1.21127285761759,1
1.54522147195668,-0.780850907075118,-1.07780811097473,-1.55431329924613,1
-0.31976204622991,-1.01358203682528,1.24618527945131,2.52174701029435,1
0.537676511317819,0.649926865582215,0.517863014247268,-0.944508085492998,0
1.03683653225209,-0.473907028543285,0.73967543290928,-1.5823199339211,1
-3.03254139776893,-0.713943200229802,-0.683999862056226,-2.06365876737982,0
0.566918794968788,-0.29223611250821,1.35051451111212,-0.376547955907881,1
-0.0549316254371356,1.68310171940317,-1.61501624900848,-1.91330536035821,1
0.873616288472115,-0.53378170825401,2.85855736490339,2.45921448245645,1
0.262338442646095,1.23708271132298,-1.39378543104976,-0.122087729629129,1
0.0178492698909973,0.0886681432547227,1.20017854543403,-0.501461866311729,0
-2.69581826824957,-0.618400505618016,-2.51839879341424,0.621393809560686,1
0.749093194095748,-0.41269410197101,-0.313669944182038,2.71224791603163,1
-0.0553550494346474,0.441794291429156,-2.63717778772116,0.984110458754003,1
-1.53870261740726,0.593353647281386,1.69906630413607,2.86764775821939,1
-0.378194702597792,-1.15132152480069,-1.3801718945615,1.39120402000844,1
0.417494184667829,-0.601817141811566,1.79479799000546,0.373218883294612,1
0.90172370755723,-0.941742732065447,-2.25870319129899,1.4182540141046,1
-0.078602571253994,-1.43397509100811,0.492735774256289,-0.791370844468474,0
-1.23788631347875,0.0346187320171402,-2.03278530528769,2.43384086899459,1
-0.320546076959457,-0.00222415076088177,-0.303560256958008,-1.89797047711909,0
1.26413009302484,2.17464744870492,0.331977582536638,-0.462594271637499,1
2.32099355799597,0.866308446388574,-1.1900323019363,2.92625397490337,0
-0.341150714363902,0.960726763257814,2.44625887228176,-1.72084922203794,1
-2.17836723204909,-0.91466319279531,1.76255323318765,0.896479327697307,1
-0.413261488901933,-0.600671311250791,2.910679330118,-2.10728557594121,1
-0.618111365641694,-1.33658915340433,-2.85627776244655,-2.79824435943738,1
1.05825579992258,1.22645237379905,0.387747849337757,1.34088665060699,0
-0.0117222520663097,-0.0063453381742753,2.73612250573933,-0.503165278583765,1
0.444418627920726,1.61266884573781,2.71630891598761,-0.166069224011153,1
0.235327662318539,1.62306957772019,0.387548672966659,0.584152665920556,0
0.0233477399843512,1.69932120097381,1.11358100082725,-2.76985736656934,1
1.28131908769118,1.32363329504031,-0.353429423645139,1.32995835319161,1
1.38680133376392,-0.239298213255252,-0.124872846063226,-2.12339970516041,1
-0.0402191318043241,-0.485577505125692,0.141639282926917,-0.239525556564331,1
1.44068082968655,-0.257004654448099,-1.17576036276296,-2.60177554842085,1
0.120092064437257,-1.03099348557305,1.66983206709847,0.920781972818077,1
0.342440854525766,0.486923530549929,-0.562880433630198,-2.24209719803184,0
1.20625356242069,-0.362357658813448,-2.37985852640122,-1.23490918334574,1
0.225260917388587,1.02359564016526,-2.470284816809,2.32012114394456,1
-1.23975429155582,-1.24842380481779,-0.51609815703705,-0.222488177474588,0
-0.799915479404639,-0.0898363096580306,0.209927968215197,-2.3640597271733,0
-1.70894451875398,0.282899895178234,-0.524090378545225,-2.66026118863374,0
-0.281445597740478,0.399558459009378,0.851151817012578,0.6929588355124,1
-0.0151725807796092,-0.076445007971796,2.70230561541393,-2.85797247570008,1
-0.0250307918244251,0.478579756972591,-2.65273205749691,-1.43897234648466,1
0.852438983242199,1.82173868275447,2.25588666787371,0.382190616801381,1
0.370234057595366,0.344194114412713,-2.41238947631791,0.253167942166328,1
1.53217768361545,0.0596868144862772,2.16790487989783,1.259667806793,1
1.01308769909943,2.00208754058907,-1.67181584006175,-1.2233182140626,1
0.444023955112346,0.448804915612057,-1.85070117842406,2.96186297759414,1
-0.493141684962403,0.486495889573499,0.594068685080856,-1.31929204054177,1
-0.376462433033216,0.0889713703455898,1.37697466788813,0.748436791822314,1
-0.818882497678587,0.327825591756773,2.99814260797575,-2.62296292791143,1
0.386294994573146,-0.40237328070658,-0.815778766293079,-0.748618461191654,0
-0.0286829617629449,-1.64311769777761,1.5440234458074,-2.52857411792502,1
0.415566146849882,1.30867922463391,-1.28842689748853,1.45593867916614,1
0.412451052710378,1.2748611229383,-1.55496954498813,-1.95574997691438,1
-1.16852053713931,-0.617828348992892,-2.71840368770063,-2.75653089070693,1
-0.269338445820713,-0.36340158436009,0.967497079633176,2.73487321520224,1
-0.347928155780223,-0.563341780963563,2.36936820996925,-0.0392417656257749,1
0.408846871144461,0.386144940028343,-0.801375281531364,-1.32155684754252,1
-0.336051835469303,0.216450761257871,1.5230440995656,0.44585114903748,1
0.861737781826373,-0.00298239206059595,2.156072975602,-1.98168536927551,1
0.780980249730063,0.39802454138424,-1.6587737663649,2.26375661138445,1
-1.69258950797969,-0.410701980753683,-0.589059390127659,0.696399458684027,1
1.55358046032432,-1.3519473181378,-2.05622720858082,-2.5536821577698,1
0.67097665883357,1.53450227043655,-1.78195315087214,-0.733172443695366,1
-1.30877356777805,1.7593092290096,-0.687214943580329,-1.4397184769623,1
-0.996202329687038,-0.85941292807545,2.72570497356355,-2.00849348399788,1
1.14658882877744,-0.102943137861025,-0.645728258416057,1.07642845110968,1
-0.593871399193395,1.28057142784075,-2.98467948194593,1.87250187713653,1
-0.522133836744606,-3.04323427832229,1.69430849840865,1.4261041902937,1
0.392059603911946,1.46670045709263,1.2556341025047,1.25762515934184,1
0.206841156904265,0.40452125352834,-2.04001043597236,-0.895086984615773,1
-0.347913468698635,0.0430576377062567,0.453097946941853,0.357995218131691,0
1.73248746356669,0.598368668274091,-1.33239499619231,0.487729704938829,1
0.783528158772947,0.0434935154393583,0.0579082611948252,-2.56575184548274,0
1.24135950414131,-2.62633364242788,1.16259185504168,2.52838576119393,0
0.380212116372225,0.165753196775655,-0.0207985541783273,0.478544959332794,0
-0.1690383639221,-2.26110047893538,1.21218386013061,-1.86129641812295,0
-0.553544531974712,0.433597168998684,0.984630547463894,1.6453409367241,1
0.298978202595543,-0.280100027197908,1.16202170820907,-0.873087409883738,0
-1.21805315860735,0.359031912513501,-1.4796672728844,0.366549291182309,1
0.620848000816161,1.25516932671299,0.837075978051871,1.31036815932021,1
0.765008998830313,0.342283912515204,2.8030286883004,-2.30914183007553,1
-0.750389285918185,-0.24047353078154,-2.67461006948724,-2.75723734265193,1
1.76368585912597,-1.23146214265089,-2.28480941941962,-1.17883466742933,1
2.70362400846021,0.204455487722552,-0.589572980068624,-1.08791751600802,0
1.37894593761563,0.421653680893298,-2.16616577468812,-1.54080349160358,1
-0.673657192156679,-1.54680910533992,-1.05866594100371,0.324072886258364,1
2.47477709366998,-1.10373577036564,-1.39129197830334,2.24932908872142,1
-0.124982728228229,-0.984817615529981,-0.0389346540905535,-2.40607376256958,0
1.07812632463915,-0.226868498106522,-2.30400825943798,2.9855275740847,1
-1.26110650721768,1.32201631735478,-2.78782258881256,2.84694957174361,1
-0.452145969566431,0.092128543913319,-0.644172874744982,-2.30157033540308,1
-1.02740795945649,1.60834690455955,2.23043552180752,2.7043507732451,1
0.0682588315497092,-2.13918654859513,1.49828431662172,-2.83320330362767,1
-0.228370926683774,-1.60593055358844,-1.68650449393317,1.41753326402977,1
-0.942447937144878,0.160361484167539,-0.626296882051975,1.4497373951599,1
1.99411429720966,-0.00720066431568627,-1.76146043417975,2.59669888392091,1
-0.193622716807077,0.648555691231495,0.357345981057733,-1.04851266369224,0
1.17221460507365,-0.665439200592775,-1.84938477259129,-2.9691919349134,1
2.02149414802909,-0.741355818264998,1.72637320775539,-0.15462733944878,1
0.864486116344159,-0.110846166173215,1.71248196763918,2.86648829234764,1
-1.34501110799071,0.7364674038794,-2.24178058141842,-2.75505803246051,1
0.735938591019427,-1.15588795424103,0.681044123601168,-0.246181416325271,1
-0.987184846099802,0.717208336466894,0.463280950672925,0.601630358956754,1
-2.14600244441825,-2.47073757636716,-2.50359807070345,2.44991182163358,1
0.647738669491854,1.10946741399262,1.67761370306835,1.67901867348701,1
0.262781641535077,0.681614797692988,-0.410960933659226,0.317294351756573,0
0.464277079420695,-0.0915187267422866,-2.31114815594628,1.41753819258884,1
0.0639278991467494,-0.500129828918249,2.95734948059544,-1.37707119667903,1
-1.03001322504637,-0.34932329632256,1.2803664165549,1.754439169541,1
1.37871177819676,-2.03185760082599,0.525319320615381,0.434731557033956,0
1.27502120333543,0.290892631342189,2.69583853147924,1.10454573109746,1
0.897309777778861,0.314461430463662,1.10566390072927,-0.306110153440386,0
-2.00289357112948,-0.727703378599019,-2.23395922780037,0.436397664248943,1
-1.58350661875265,1.08476301226743,-0.0607687630690634,2.26565736439079,1
-2.27311296611589,-0.225439861968971,-0.997497530188411,-1.89893843885511,1
2.60313114041562,0.364134217400752,-1.56934717018157,1.07775184046477,1
-0.466503746997206,-1.14923346991462,-0.610656929668039,-2.16299775196239,0
0.728616984449723,-0.528045588351418,1.95434198202565,0.911332663614303,1
-0.126384763546988,-0.674812023128213,-2.30441818619147,1.20240656286478,1
0.340364538581016,-2.15483245467253,-2.64462476782501,0.519869115203619,1
1.49549959165451,-0.799562077490245,-1.20546630118042,-2.23909061634913,1
1.12087925274769,-0.213414293057641,0.72946243872866,0.908498140051961,1
-1.07162826578433,-1.61596801476181,2.09559576166794,1.00861740158871,1
1.96908695396533,-1.54888884866189,-1.54950215667486,2.93340888200328,1
-1.59646967672198,0.122322267616499,0.0633262018673122,-0.946664554998279,0
-0.902032385145788,1.56713745241992,-1.35313377762213,2.28377289371565,1
-0.460821817990699,-1.10944689260812,2.39862278988585,-0.571883595082909,1
0.678712603296741,-0.111848250058643,2.45082291634753,-1.61307014431804,1
-0.517219379060789,0.673190185331357,2.77640926139429,0.848663967568427,1
-0.670094173217454,0.66743161381402,-0.376431215554476,1.10951990447938,0
-0.987604356024372,-0.919180066589145,-0.443628669250757,-0.874424447771162,0
-0.938639245339067,0.110453349277795,-0.86202572286129,-0.820901155471802,1
2.22035434587024,0.704317019996027,-0.177446088753641,2.24851271230727,1
-0.726829067941373,1.72151135094722,-0.195840064901859,0.868539748247713,1
1.40914525016344,-0.21552232295431,2.90213526645675,-2.07096567051485,1
0.290763194549746,-1.74094911502931,-0.668831404298544,-1.75798383448273,0
-0.596834720570717,-0.0215855841899159,-2.48642229801044,-0.746760786976665,1
-1.02087589667298,-0.190246146918097,-2.76717763440683,-0.386669137515128,1
1.60666700332424,-0.13324229816894,-2.99658406991512,-0.780658080708236,1
-1.5848087099044,0.990513446346599,0.682084192056209,2.91047970671207,0
1.0092294650701,0.805418352229469,-1.1086918017827,1.80974942771718,1
-0.0304516746605715,0.994223065756402,-2.08089587744325,0.740253454539925,1
1.12065465386162,0.840948619481382,-1.42430922668427,2.15913793584332,1
-1.11870370275248,0.726641228185195,-1.47638822346926,1.5630710972473,1
1.60440485436707,-0.236006936844868,-2.88025720557198,2.59864011453465,1
1.78050497860243,-1.80663394582599,-2.11072577862069,0.899942024610937,1
-0.291415681676425,-0.148226447254869,1.99167118454352,0.383299331646413,1
2.6682269736721,-0.303840378721533,0.961283422540873,-0.24273321731016,0
-0.0540464945038743,1.34581803253529,0.259121271315962,-0.731817087158561,0
0.137264537121998,-1.12544031136755,0.197941532358527,2.11313928477466,0
0.258523941806522,-0.80684883449452,-1.52872816566378,-2.01151015469804,1
2.54606542212066,0.869500039669952,0.09733782755211,-2.1710649272427,1
0.239808220905129,0.252283997838315,-0.759003577753901,-0.793694017454982,1
0.70355024381918,0.30822451666201,1.14088356122375,2.23367722984403,0
-2.58115010064061,1.16720594884208,-0.290231879800558,-1.00286684883758,1
0.31327235590082,0.268529139688879,-1.53670738264918,1.92935354635119,1
-0.164484000338658,-0.192219125309759,-1.35926846461371,2.85666127083823,1
-0.929436237101113,0.428573979463887,-2.49584753718227,-2.0487301829271,1
0.949437181639317,0.439579154400823,2.23213668772951,1.35061258776113,1
0.0147797464214378,-0.17275467716837,-2.35727748787031,-2.03175645321608,1
0.333835866009235,-0.547172704562598,0.449778697919101,-1.67719282116741,0
-0.12806191285726,-1.14962388889001,-1.91220142599195,2.6234397967346,1
-0.0566759004120098,0.805324685536804,-2.32272408809513,-1.24299799790606,1
0.00383088774809714,1.13705355987036,-1.20832816651091,-2.71506415028125,0
1.26888344155827,1.00132791718223,-1.47080062050372,2.89736841805279,1
-0.83751298948406,1.76712694676773,-0.936324994079769,2.17002354981378,1
-0.0693719131215418,1.59106123986338,-1.70471347030252,0.651176681276411,1
0.0601608881152988,0.62135960365786,2.44394140457734,-0.307002739515156,1
-0.292376868359296,-0.928760283872199,0.427812853362411,2.83749428205192,1
1.80087157216975,-0.229762438999621,2.3125857654959,0.730914342217147,1
1.12076232956009,0.215239433321038,0.474564034491777,1.34850857499987,1
-0.304438952858405,1.11251331240872,1.03184279473498,1.16436678590253,0
0.0854239442619943,-0.0223058805572464,0.670758931897581,0.113865830004215,1
0.690316668751975,0.0158548806155204,-2.09519553836435,-1.30748716369271,1
-1.17538240221684,-0.244734207303968,2.93279096251354,-0.868175061419606,1
-0.71419299315863,0.286541269460887,-2.51564157055691,-2.94721556687728,1
-0.267826571411704,-0.3144352561816,-1.92129161395133,-1.74273804249242,1
-2.56765320917062,-0.642926175466849,-2.60464640613645,0.409838915336877,1
0.952083675795475,0.578536402484058,2.00693549076095,2.59443818405271,1
-0.322580264824954,-0.0274562504777743,2.55727018089965,1.22812231443822,1
0.207549536383252,-0.780366389606295,-2.6349965245463,0.212801786139607,1
-0.497537309953429,0.376297167373964,1.23688026051968,-0.232221995014697,1
0.432996353966226,-0.685699069030981,-2.72378402994946,-2.8794501288794,1
-0.712456479346617,1.61954597259225,-1.53014034871012,-2.53336975816637,1
1.52887820600817,0.643546666385117,1.628916551359,-2.0588332596235,1
-0.74370710570993,-1.13338796773563,-0.570084887556732,0.110153501853347,0
-1.53817913396044,-0.992713841501189,1.85593423107639,0.883100157603621,1
